"identifiant","Prénom","Nom","Région","Département","Numéro de circonscription","Profession","Groupe politique (complet)","Groupe politique (abrégé)"
"795998","Émeline","K/Bidi","Réunion","Réunion","4","Avocate","Non inscrit","NI"
"796106","Édouard","Bénard","Normandie","Seine-Maritime","3","Collaborateur d'élu","Non inscrit","NI"
"719412","Sandrine","Le Feur","Bretagne","Finistère","4","Agriculteur-propriétaire exploitant","Non inscrit","NI"
"841553","Thierry","Tesson","Hauts-de-France","Nord","17","(74) - Ancien cadre","Non inscrit","NI"
"794946","Antoine","Villedieu","Bourgogne-Franche-Comté","Haute-Saône","1","Policier","Non inscrit","NI"
"794234","François","Gernigon","Pays de la Loire","Maine-et-Loire","1","Ancien cadre","Non inscrit","NI"
"610002","Eva","Sas","Ile-de-France","Paris","8","Cadre supérieur du secteur privé","Non inscrit","NI"
"796118","Bénédicte","Auzanot","Provence-Alpes-Côte d'Azur","Vaucluse","2","(85) - Personne diverse sans activité professionnelle de moins de 60 ans (sauf r","Non inscrit","NI"
"841713","Boris","Tavernier","Auvergne-Rhône-Alpes","Rhône","2","(37) - Cadre administratif et commercial d'entreprise","Non inscrit","NI"
"840903","Paul","Christophle","Auvergne-Rhône-Alpes","Drôme","1","(37) - Cadre administratif et commercial d'entreprise","Non inscrit","NI"
"795884","Marc","Ferracci","Français établis hors de France","Français établis hors de France","6","Professeur, profession scientifique","Non inscrit","NI"
"722336","Vincent","Thiébaut","Grand Est","Bas-Rhin","9","Autre cadre (secteur privé)","Non inscrit","NI"
"842271","Emmanuel","Maurel","Ile-de-France","Val-d'Oise","3","(34) - Professeur, profession scientifique","Non inscrit","NI"
"840075","Eddy","Casterman","Hauts-de-France","Aisne","3","(37) - Cadre administratif et commercial d'entreprise","Non inscrit","NI"
"841075","Sylvie","Josserand","Occitanie","Gard","6","(31) - Profession libérale","Non inscrit","NI"
"841605","Antoine","Golliot","Hauts-de-France","Pas-de-Calais","5","(47) - Technicien","Non inscrit","NI"
"677483","Stéphane","Mazars","Occitanie","Aveyron","1","Avocat","Non inscrit","NI"
"842187","Gabrielle","Cathala","Ile-de-France","Val-d'Oise","6","Secrétaire générale de groupe parlementaire","Non inscrit","NI"
"721410","Émilie","Bonnivard","Auvergne-Rhône-Alpes","Savoie","3","Cadre à la Caisse des Dépôts et Consignations","Non inscrit","NI"
"330909","Vincent","Descoeur","Auvergne-Rhône-Alpes","Cantal","1","Professeur agrégé de biologie","Non inscrit","NI"
"796062","Thomas","Portes","Ile-de-France","Seine-Saint-Denis","3","Cheminot","Non inscrit","NI"
"841351","Emmanuel","Duplessy","Centre-Val de Loire","Loiret","2","(33) - Cadre de la fonction publique","Non inscrit","NI"
"793520","Mickaël","Cosson","Bretagne","Côtes-d'Armor","1","Chargé d'opérations urbanisme","Non inscrit","NI"
"607553","Dominique","Potier","Grand Est","Meurthe-et-Moselle","5","Agriculteur","Non inscrit","NI"
"793094","Nicolas","Ray","Auvergne-Rhône-Alpes","Allier","3","Inspecteur principal des Finances publiques","Non inscrit","NI"
"840135","Alexandre","Dufosset","Hauts-de-France","Nord","18","(54) - Employé administratif d'entreprise","Non inscrit","NI"
"794786","Emmanuel","Fernandes","Grand Est","Bas-Rhin","2","Profession intermédiaire administrative et commerciale des entreprises","Non inscrit","NI"
"1654","François","Hollande","Nouvelle-Aquitaine","Corrèze","1","Conseiller référendaire à la Cour des comptes","Non inscrit","NI"
"793928","Edwige","Diaz","Nouvelle-Aquitaine","Gironde","11","Cadre administratif et commercial d'entreprise","Non inscrit","NI"
"719632","Sophie","Panonacle","Nouvelle-Aquitaine","Gironde","8","Sans profession déclarée","Non inscrit","NI"
"840809","Gérault","Verny","Provence-Alpes-Côte d'Azur","Bouches-du-Rhône","14","(23) - Chef d'entreprise de 10 salariés ou plus","Non inscrit","NI"
"796010","Frédéric","Maillot","Réunion","Réunion","6","Intervenant social","Non inscrit","NI"
"841563","Claire","Marais-Beuil","Hauts-de-France","Oise","1","Profession libérale","Non inscrit","NI"
"266793","Jean-Yves","Bony","Auvergne-Rhône-Alpes","Cantal","2","Exploitant agricole","Non inscrit","NI"
"794278","Xavier","Albertini","Grand Est","Marne","1","Profession libérale","Non inscrit","NI"
"267200","Sébastien","Huyghe","Hauts-de-France","Nord","5","Notaire","Non inscrit","NI"
"330008","Xavier","Breton","Auvergne-Rhône-Alpes","Ain","1","Cadre territorial","Non inscrit","NI"
"842117","Vincent","Jeanbrun","Ile-de-France","Val-de-Marne","7","(33) - Cadre de la fonction publique","Non inscrit","NI"
"607090","Jean-Pierre","Vigier","Auvergne-Rhône-Alpes","Haute-Loire","2","Fonctionnaire de catégorie A","Non inscrit","NI"
"721336","Blandine","Brocard","Auvergne-Rhône-Alpes","Rhône","5","Employée (secteur privé)","Non inscrit","NI"
"794598","Laurent","Jacobelli","Grand Est","Moselle","8","Profession de l'information, des arts et des spectacles","Non inscrit","NI"
"795422","Damien","Maudet","Nouvelle-Aquitaine","Haute-Vienne","1","Cadre administratif et commercial d'entreprise","Non inscrit","NI"
"719922","Lionel","Causse","Nouvelle-Aquitaine","Landes","2","Autre cadre (secteur privé)","Non inscrit","NI"
"721110","Nicole","Sanquer","Polynésie française","Polynésie Française","2","Professeur du secondaire et technique","Non inscrit","NI"
"793166","Jocelyn","Dessigny","Hauts-de-France","Aisne","5","Cadre administratif et commercial d'entreprise","Non inscrit","NI"
"795908","Yannick","Chenevard","Provence-Alpes-Côte d'Azur","Var","1","Profession libérale","Non inscrit","NI"
"841621","Auguste","Evrard","Hauts-de-France","Pas-de-Calais","8","Collaborateur de cabinet en mairie","Non inscrit","NI"
"793270","Jean-François","Rousset","Occitanie","Aveyron","3","Chirurgien","Non inscrit","NI"
"720992","Jiovanny","William","Martinique","Martinique","1","Profession libérale","Non inscrit","NI"
"720480","Charlotte","Parmentier-Lecocq","Hauts-de-France","Nord","6","Industriel-Chef d'entreprise","Non inscrit","NI"
"606793","Laurent","Baumel","Centre-Val de Loire","Indre-et-Loire","4","Cadre supérieur du secteur public","Non inscrit","NI"
"842155","Aly","Diouara","Ile-de-France","Seine-Saint-Denis","5","(33) - Cadre de la fonction publique","Non inscrit","NI"
"794322","Thomas","Ménagé","Centre-Val de Loire","Loiret","4","Cadre administratif et commercial d'entreprise","Non inscrit","NI"
"795950","David","Amiel","Ile-de-France","Paris","13","Economiste","Non inscrit","NI"
"841495","Maxime","Amblard","Grand Est","Meuse","1","(38) - Ingénieur et cadre technique d'entreprise","Non inscrit","NI"
"840657","Sophie","Vaginay","Provence-Alpes-Côte d'Azur","Alpes-de-Haute-Provence","2","(37) - Cadre administratif et commercial d'entreprise","Non inscrit","NI"
"795430","Stéphane","Delautrette","Nouvelle-Aquitaine","Haute-Vienne","2","Ingénieur dans le domaine de l'environnement","Non inscrit","NI"
"722252","Marie-Pierre","Rixain","Ile-de-France","Essonne","4","Consultante en communication","Non inscrit","NI"
"606507","Florent","Boudié","Nouvelle-Aquitaine","Gironde","10","Cadre supérieur du secteur public","Non inscrit","NI"
"793382","Emmanuel","Taché de la Pagerie","Provence-Alpes-Côte d'Azur","Bouches-du-Rhône","16","Cadre de la fonction publique","Non inscrit","NI"
"2960","Éric","Woerth","Hauts-de-France","Oise","4","Associé dans un cabinet d'audit international","Non inscrit","NI"
"841207","Charles","Alloncle","Occitanie","Hérault","9","(37) - Cadre administratif et commercial d'entreprise","Non inscrit","NI"
"841395","Maxime","Michelet","Grand Est","Marne","3","Historien","Non inscrit","NI"
"721836","Jean-Noël","Barrot","Ile-de-France","Yvelines","2","Professeur de faculté","Non inscrit","NI"
"793940","Thomas","Cazenave","Nouvelle-Aquitaine","Gironde","1","Cadre de la fonction publique","Non inscrit","NI"
"718674","Olga","Givernet","Auvergne-Rhône-Alpes","Ain","3","Ingénieure aéronautique","Non inscrit","NI"
"842125","Thomas","Lam","Ile-de-France","Hauts-de-Seine","2","(23) - Chef d'entreprise de 10 salariés ou plus","Non inscrit","NI"
"720560","Perrine","Goulet","Bourgogne-Franche-Comté","Nièvre","1","Autre cadre (secteur privé)","Non inscrit","NI"
"721270","Stéphane","Peu","Ile-de-France","Seine-Saint-Denis","2","Employé","Non inscrit","NI"
"719938","Marc","Fesneau","Centre-Val de Loire","Loir-et-Cher","1","Ministre","Non inscrit","NI"
"719578","Loïc","Prud'homme","Nouvelle-Aquitaine","Gironde","3","Fonctionnaire de catégorie B","Non inscrit","NI"
"841981","Catherine","Rimbert","Provence-Alpes-Côte d'Azur","Vaucluse","5","(31) - Profession libérale","Non inscrit","NI"
"841215","Marie","Mesmeur","Bretagne","Ille-et-Vilaine","1","Educatrice spécialisée","Non inscrit","NI"
"722134","Jean-Marie","Fiévet","Nouvelle-Aquitaine","Deux-Sèvres","3","Fonctionnaire de catégorie B","Non inscrit","NI"
"841167","Hugo","Prevost","Auvergne-Rhône-Alpes","Isère","1","(84) - Elève, étudiant","Non inscrit","NI"
"795156","Fatiha","Keloua Hachi","Ile-de-France","Seine-Saint-Denis","8","Professeur, profession scientifique","Non inscrit","NI"
"796018","Danielle","Simonnet","Ile-de-France","Paris","15","Professeur, profession scientifique","Non inscrit","NI"
"266797","Philippe","Gosselin","Normandie","Manche","1","Maître de conférences à Sciences Po","Non inscrit","NI"
"774958","Gérard","Leseul","Normandie","Seine-Maritime","5","Cadre d'entreprise / enseignant universitaire","Non inscrit","NI"
"793816","Mélanie","Thomin","Bretagne","Finistère","6","Professeur, profession scientifique","Non inscrit","NI"
"721896","Elsa","Faucillon","Ile-de-France","Hauts-de-Seine","1","Employée du secteur privé","Non inscrit","NI"
"1567","Jérôme","Guedj","Ile-de-France","Essonne","6","Inspecteur général des affaires sociales","Non inscrit","NI"
"643175","Stella","Dupont","Pays de la Loire","Maine-et-Loire","2","Comptable","Non inscrit","NI"
"722390","Josiane","Corneloup","Bourgogne-Franche-Comté","Saône-et-Loire","2","Pharmacien","Non inscrit","NI"
"722142","François","Ruffin","Hauts-de-France","Somme","1","Reporter","Non inscrit","NI"
"795084","Rodrigo","Arenas","Ile-de-France","Paris","10","Cadre de la fonction publique","Non inscrit","NI"
"793664","Marie","Pochon","Auvergne-Rhône-Alpes","Drôme","3","Responsable associative","Non inscrit","NI"
"795046","Caroline","Yadan","Français établis hors de France","Français établis hors de France","8","Avocat","Non inscrit","NI"
"721852","Marie","Lebec","Ile-de-France","Yvelines","4","Consultante en affaires publiques","Non inscrit","NI"
"606573","Fanny","Dombre Coste","Occitanie","Hérault","3","Artisan Photographe","Non inscrit","NI"
"794830","Hubert","Ott","Grand Est","Haut-Rhin","2","Professeur, profession scientifique","Non inscrit","NI"
"793744","Anne","Stambach-Terrenoir","Occitanie","Haute-Garonne","2","Professeure de piano","Non inscrit","NI"
"795164","Aurélie","Trouvé","Ile-de-France","Seine-Saint-Denis","9","Cadre de la fonction publique","Non inscrit","NI"
"721426","Véronique","Riotton","Auvergne-Rhône-Alpes","Haute-Savoie","1","Consultante-Coach en Ressources Humaines","Non inscrit","NI"
"331973","Pascale","Got","Nouvelle-Aquitaine","Gironde","5","Journaliste","Non inscrit","NI"
"840979","Corentin","Le Fur","Bretagne","Côtes-d'Armor","3","(37) - Cadre administratif et commercial d'entreprise","Non inscrit","NI"
"840143","Guillaume","Florquin","Hauts-de-France","Nord","20","(33) - Cadre de la fonction publique","Non inscrit","NI"
"342384","Élisa","Martin","Auvergne-Rhône-Alpes","Isère","3","Professeur, profession scientifique","Non inscrit","NI"
"794702","Delphine","Lingemann","Auvergne-Rhône-Alpes","Puy-de-Dôme","4","Chef d'entreprise - Enseignante associée université","Non inscrit","NI"
"840857","Nadine","Lechon","Nouvelle-Aquitaine","Dordogne","1","(12) - Agriculteur sur moyenne exploitation","Non inscrit","NI"
"643089","Jean-Louis","Thiériot","Ile-de-France","Seine-et-Marne","3","Avocat","Non inscrit","NI"
"795244","Stéphane","Lenormand","Saint-Pierre-et-Miquelon","Saint-Pierre-et-Miquelon","1","Ancien cadre","Non inscrit","NI"
"267780","Agnès","Firmin Le Bodo","Normandie","Seine-Maritime","7","Pharmacien","Non inscrit","NI"
"719558","Erwan","Balanant","Bretagne","Finistère","8","Photographe et réalisateur","Non inscrit","NI"
"840737","Flavien","Termet","Grand Est","Ardennes","1","(33) - Cadre de la fonction publique","Non inscrit","NI"
"796050","Philippe","Schreck","Provence-Alpes-Côte d'Azur","Var","8","Profession libérale","Non inscrit","NI"
"841769","Éric","Michoux","Bourgogne-Franche-Comté","Saône-et-Loire","4","(23) - Chef d'entreprise de 10 salariés ou plus","Non inscrit","NI"
"791824","Sarah","Legrain","Ile-de-France","Paris","16","Professeure de français","Non inscrit","NI"
"794138","Ségolène","Amiot","Pays de la Loire","Loire-Atlantique","3","Employé administratif d'entreprise","Non inscrit","NI"
"841729","Abdelkader","Lahmar","Auvergne-Rhône-Alpes","Rhône","7","(34) - Professeur, profession scientifique","Non inscrit","NI"
"793672","Christine","Loir","Normandie","Eure","1","Profession intermédiaire de la santé et du travail social","Non inscrit","NI"
"721004","Amélia","Lakrafi","Français établis hors de France","Français établis hors de France","10","Chef d'entreprise","Non inscrit","NI"
"794590","Alexandre","Loubet","Grand Est","Moselle","7","Cadre d'entreprise","Non inscrit","NI"
"721916","Natalia","Pouzyreff","Ile-de-France","Yvelines","6","Ingénieure","Non inscrit","NI"
"721314","Raphaël","Schellenberger","Grand Est","Haut-Rhin","4","(33) - Cadre de la fonction publique","Non inscrit","NI"
"795176","Nicolas","Metzdorf","Nouvelle-Calédonie","Nouvelle-Calédonie","1","Ingénieur et cadre technique d'entreprise","Non inscrit","NI"
"793218","Jordan","Guitton","Grand Est","Aube","1","Assistant Parlementaire","Non inscrit","NI"
"608264","Colette","Capdevielle","Nouvelle-Aquitaine","Pyrénées-Atlantiques","5","Avocate","Non inscrit","NI"
"840765","Laurent","Lhardit","Provence-Alpes-Côte d'Azur","Bouches-du-Rhône","2","Chef d'entreprise","Non inscrit","NI"
"588884","Clémentine","Autain","Ile-de-France","Seine-Saint-Denis","11","Journaliste et autre média","Non inscrit","NI"
"842211","Béatrice","Bellay","Martinique","Martinique","3","(33) - Cadre de la fonction publique","Non inscrit","NI"
"721442","Christelle","Petex","Auvergne-Rhône-Alpes","Haute-Savoie","3","Cadre administratif et commercial d'entreprise","Non inscrit","NI"
"719372","Guillaume","Kasbarian","Centre-Val de Loire","Eure-et-Loir","1","Cadre supérieur (secteur privé)","Non inscrit","NI"
"794478","David","Guiraud","Hauts-de-France","Nord","8","Cadre administratif d'entreprise","Non inscrit","NI"
"720092","Richard","Ramos","Centre-Val de Loire","Loiret","6","Autre cadre (secteur privé)","Non inscrit","NI"
"642695","Éric","Bothorel","Bretagne","Côtes-d'Armor","5","Cadre supérieur (secteur privé)","Non inscrit","NI"
"840673","Valérie","Rossi","Provence-Alpes-Côte d'Azur","Hautes-Alpes","2","(37) - Cadre administratif et commercial d'entreprise","Non inscrit","NI"
"720668","Emmanuel","Blairy","Hauts-de-France","Pas-de-Calais","1","Fonctionnaire territorial","Non inscrit","NI"
"721474","Stéphane","Viry","Grand Est","Vosges","1","Avocat","Non inscrit","NI"
"720720","Josy","Poueyto","Nouvelle-Aquitaine","Pyrénées-Atlantiques","1","Retraitée de la fonction publique (hors enseignement)","Non inscrit","NI"
"840869","Florence","Joubert","Nouvelle-Aquitaine","Dordogne","3","(33) - Cadre de la fonction publique","Non inscrit","NI"
"793394","Arthur","Delaporte","Normandie","Calvados","2","Professeur, profession scientifique","Non inscrit","NI"
"720952","Aurélien","Taché","Ile-de-France","Val-d'Oise","10","Fonctionnaire de catégorie A","Non inscrit","NI"
"794734","Michel","Guiniot","Hauts-de-France","Oise","6","Ancien cadre","Non inscrit","NI"
"2952","Jean-Luc","Warsmann","Grand Est","Ardennes","3","Directeur de mutuelle","Non inscrit","NI"
"942","Charles","de Courson","Grand Est","Marne","5","Conseiller référendaire honoraire à la Cour des comptes","Non inscrit","NI"
"840721","Marc","Chavent","Auvergne-Rhône-Alpes","Ain","5","(33) - Cadre de la fonction publique","Non inscrit","NI"
"610968","Pouria","Amirshahi","Ile-de-France","Paris","5","Cadre territorial de catégorie A","Non inscrit","NI"
"721750","Céline","Calvez","Ile-de-France","Hauts-de-Seine","5","Consultante communication","Non inscrit","NI"
"841327","Fabrice","Roussel","Pays de la Loire","Loire-Atlantique","5","(34) - Professeur, profession scientifique","Non inscrit","NI"
"794994","Alexandre","Portier","Auvergne-Rhône-Alpes","Rhône","9","Professeur de philosophie","Non inscrit","NI"
"793616","Kévin","Mauvieux","Normandie","Eure","3","Conseiller en assurance","Non inscrit","NI"
"333285","Guillaume","Garot","Pays de la Loire","Mayenne","1","Cadre administratif","Non inscrit","NI"
"722284","Bruno","Fuchs","Grand Est","Haut-Rhin","6","Chef d'entreprise","Non inscrit","NI"
"794206","Christophe","Marion","Centre-Val de Loire","Loir-et-Cher","3","Délégué général du Comité des travaux historiques et scientifiques","Non inscrit","NI"
"795258","Frantz","Gumbs","Saint-Barthélemy et Saint-Martin","Saint-Barthélemy et Saint-Martin","1","Personnel de direction de l'éducation nationale retraité","Non inscrit","NI"
"793464","Sébastien","Delogu","Provence-Alpes-Côte d'Azur","Bouches-du-Rhône","7","Sans profession","Non inscrit","NI"
"795278","Béatrice","Bellamy","Pays de la Loire","Vendée","2","Cadre administratif et commercial d'entreprise","Non inscrit","NI"
"342196","Claudia","Rouaux","Bretagne","Ille-et-Vilaine","3","Gestionnaire à l'INRAE","Non inscrit","NI"
"794870","Sylvie","Ferrer","Occitanie","Hautes-Pyrénées","1","(85) - Personne diverse sans activité professionnelle de moins de 60 ans (sauf r","Non inscrit","NI"
"793452","Hendrik","Davi","Provence-Alpes-Côte d'Azur","Bouches-du-Rhône","5","Professeur, profession scientifique","Non inscrit","NI"
"795868","Jean-Victor","Castor","Guyane","Guyane","1","Cadre technique d'entreprise","Non inscrit","NI"
"607846","Gérald","Darmanin","Hauts-de-France","Nord","10","Cadre supérieur du secteur privé","Non inscrit","NI"
"687214","Sylvain","Berrios","Ile-de-France","Val-de-Marne","1","(33) - Cadre de la fonction publique","Non inscrit","NI"
"841367","Christophe","Proença","Occitanie","Lot","2","(34) - Professeur, profession scientifique","Non inscrit","NI"
"607395","Stéphane","Travert","Normandie","Manche","3","Cadre secteur privé","Non inscrit","NI"
"793342","Alexandra","Martin","Provence-Alpes-Côte d'Azur","Alpes-Maritimes","8","Employé civil et agent de service de la fonction publique","Non inscrit","NI"
"721486","Christophe","Naegelen","Grand Est","Vosges","3","Industriel-Chef d'entreprise","Non inscrit","NI"
"1592","David","Habib","Nouvelle-Aquitaine","Pyrénées-Atlantiques","3","Cadre","Non inscrit","NI"
"841419","Damien","Girard","Bretagne","Morbihan","5","(38) - Ingénieur et cadre technique d'entreprise","Non inscrit","NI"
"842037","Bérenger","Cernon","Ile-de-France","Essonne","8","(65) - Ouvrier qualifié de la manutention, du magasinage et du transport","Non inscrit","NI"
"720138","Laetitia","Saint-Paul","Pays de la Loire","Maine-et-Loire","4","Officier de l'armée de Terre","Non inscrit","NI"
"840829","Fabrice","Barusseau","Nouvelle-Aquitaine","Charente-Maritime","3","(34) - Professeur, profession scientifique","Non inscrit","NI"
"643143","Christian","Baptiste","Guadeloupe","Guadeloupe","2","Directeur d'association","Non inscrit","NI"
"841955","Matthias","Renault","Hauts-de-France","Somme","3","(37) - Cadre administratif et commercial d'entreprise","Non inscrit","NI"
"643192","Chantal","Jourdan","Normandie","Orne","1","Psychologue","Non inscrit","NI"
"718884","Valérie","Bazin-Malgras","Grand Est","Aube","2","Commerçante","Non inscrit","NI"
"794426","Anne","Le Hénanff","Bretagne","Morbihan","1","Consultante indépendante","Non inscrit","NI"
"793892","Stéphanie","Galzy","Occitanie","Hérault","5","Employé administratif d'entreprise","Non inscrit","NI"
"793174","Yannick","Monnet","Auvergne-Rhône-Alpes","Allier","1","Cadre de la fonction publique","Non inscrit","NI"
"795920","Prisca","Thevenot","Ile-de-France","Hauts-de-Seine","8","Collaboratrice parlementaire","Non inscrit","NI"
"720038","Sandrine","Josso","Pays de la Loire","Loire-Atlantique","7","Autre profession libérale","Non inscrit","NI"
"267042","Yannick","Favennec-Bécot","Pays de la Loire","Mayenne","3","Directeur de cabinet","Non inscrit","NI"
"794106","Andrée","Taurinya","Auvergne-Rhône-Alpes","Loire","2","Professeur, profession scientifique","Non inscrit","NI"
"309643","Véronique","Besse","Pays de la Loire","Vendée","4","Journaliste","Non inscrit","NI"
"719756","Christine","Le Nabour","Bretagne","Ille-et-Vilaine","5","Employée (secteur privé)","Non inscrit","NI"
"794802","Charles","Sitzenstuhl","Grand Est","Bas-Rhin","5","Cadre de la fonction publique","Non inscrit","NI"
"794022","Jérémie","Iordanoff","Auvergne-Rhône-Alpes","Isère","5","Artiste-peintre","Non inscrit","NI"
"721234","Maud","Petit","Ile-de-France","Val-de-Marne","4","Chargée de ressources humaines","Non inscrit","NI"
"794354","Hélène","Laporte","Nouvelle-Aquitaine","Lot-et-Garonne","2","Analyste bancaire","Non inscrit","NI"
"335758","Franck","Riester","Ile-de-France","Seine-et-Marne","5","Chef d'entreprise","Non inscrit","NI"
"841091","Arnaud","Simion","Occitanie","Haute-Garonne","6","(33) - Cadre de la fonction publique","Non inscrit","NI"
"608172","Christine","Pirès Beaune","Auvergne-Rhône-Alpes","Puy-de-Dôme","2","Fonctionnaire de catégorie A","Non inscrit","NI"
"340343","Hervé","Saulignac","Auvergne-Rhône-Alpes","Ardèche","1","Cadre (entreprises publiques)","Non inscrit","NI"
"795540","Daniel","Grenon","Bourgogne-Franche-Comté","Yonne","1","Ancien artisan, commerçant, chef d'entreprise","Non inscrit","NI"
"720362","Belkhir","Belhaddad","Grand Est","Moselle","1","Industriel-Chef d'entreprise","Non inscrit","NI"
"719286","Paul-André","Colombani","Corse","Corse-du-Sud","2","Médecin","Non inscrit","NI"
"774960","Isabelle","Santiago","Ile-de-France","Val-de-Marne","9","Cadre territorial","Non inscrit","NI"
"795746","Antoine","Léaument","Ile-de-France","Essonne","10","Responsable de la communication numérique","Non inscrit","NI"
"720154","Nicole","Dubré-Chirat","Pays de la Loire","Maine-et-Loire","6","Retraitée de la fonction publique hospitalière et chargée de formation","Non inscrit","NI"
"794982","Julie","Delpech","Pays de la Loire","Sarthe","1","Chargée de communication","Non inscrit","NI"
"569","Philippe","Bonnecarrère","Occitanie","Tarn","1","Avocat","Non inscrit","NI"
"794418","Florence","Goulet","Grand Est","Meuse","2","Cadre de la fonction publique","Non inscrit","NI"
"795636","Benjamin","Lucas-Lundy","Ile-de-France","Yvelines","8","(85) - Personne diverse sans activité professionnelle de moins de 60 ans (sauf r","Non inscrit","NI"
"719778","François","Jolivet","Centre-Val de Loire","Indre","1","Cadre supérieur (secteur privé)","Non inscrit","NI"
"719024","Christophe","Blanchet","Normandie","Calvados","4","Commerçant","Non inscrit","NI"
"841837","Robert","Le Bourgeois","Normandie","Seine-Maritime","10","(37) - Cadre administratif et commercial d'entreprise","Non inscrit","NI"
"841471","Stéphane","Hablot","Grand Est","Meurthe-et-Moselle","2","Education nationale","Non inscrit","NI"
"795596","Paul","Vannier","Ile-de-France","Val-d'Oise","5","Professeur d'histoire-géographie","Non inscrit","NI"
"719968","Sylvie","Bonnet","Auvergne-Rhône-Alpes","Loire","4","Collaboratrice parlementaire","Non inscrit","NI"
"795026","Anne-Cécile","Violland","Auvergne-Rhône-Alpes","Haute-Savoie","5","Profession libérale","Non inscrit","NI"
"841017","Harold","Huwart","Centre-Val de Loire","Eure-et-Loir","3","Administrateur de l'État","Non inscrit","NI"
"721816","Ian","Boucard","Bourgogne-Franche-Comté","Territoire de Belfort","1","Autre cadre (secteur privé)","Non inscrit","NI"
"794718","Christine","Engrand","Hauts-de-France","Pas-de-Calais","6","Cadre administratif et commercial d'entreprise","Non inscrit","NI"
"794038","Yannick","Neuder","Auvergne-Rhône-Alpes","Isère","7","Cardiologue","Non inscrit","NI"
"793716","Laurent","Croizier","Bourgogne-Franche-Comté","Doubs","1","Professeur des écoles, instituteur et assimilé","Non inscrit","NI"
"795466","Ersilia","Soudais","Ile-de-France","Seine-et-Marne","7","Professeur, profession scientifique","Non inscrit","NI"
"642764","Joël","Aviragnet","Occitanie","Haute-Garonne","8","Directeur d'un établissement pour l'enfance handicapée","Non inscrit","NI"
"841047","François-Xavier","Ceccoli","Corse","Haute-Corse","2","(23) - Chef d'entreprise de 10 salariés ou plus","Non inscrit","NI"
"736201","Sophie","Taillé-Polian","Ile-de-France","Val-de-Marne","11","Cadre de la fonction publique","Non inscrit","NI"
"722150","Sacha","Houlié","Nouvelle-Aquitaine","Vienne","2","Avocat","Non inscrit","NI"
"795100","Éric","Martineau","Pays de la Loire","Sarthe","3","Agriculteur sur moyenne exploitation","Non inscrit","NI"
"719080","Sandra","Marsaud","Nouvelle-Aquitaine","Charente","2","Cadre (entreprises publiques)","Non inscrit","NI"
"795974","Philippe","Lottiaux","Provence-Alpes-Côte d'Azur","Var","4","Cadre de la fonction publique","Non inscrit","NI"
"722366","Jean-Luc","Fugit","Auvergne-Rhône-Alpes","Rhône","11","Professeur de faculté","Non inscrit","NI"
"840939","Océane","Godard","Bourgogne-Franche-Comté","Côte-d'Or","1","Psychologue du travail","Non inscrit","NI"
"720614","Marine","Le Pen","Hauts-de-France","Pas-de-Calais","11","Avocate","Non inscrit","NI"
"722046","Aurore","Bergé","Ile-de-France","Yvelines","10","Cadre supérieur (secteur privé)","Non inscrit","NI"
"793980","Charles","Fournier","Centre-Val de Loire","Indre-et-Loire","1","Consultant, formateur","Non inscrit","NI"
"841665","Denis","Fégné","Occitanie","Hautes-Pyrénées","2","(74) - Ancien cadre","Non inscrit","NI"
"795350","Frédéric","Valletoux","Ile-de-France","Seine-et-Marne","2","Profession de l'information","Non inscrit","NI"
"719436","Nicolas","Meizonnet","Occitanie","Gard","2","Ingénieur en informatique","Non inscrit","NI"
"840781","Romain","Tonussi","Provence-Alpes-Côte d'Azur","Bouches-du-Rhône","8","(45) - Profession intermédiaire administrative de la fonction publique","Non inscrit","NI"
"795616","Carlos Martens","Bilongo","Ile-de-France","Val-d'Oise","8","Professeur, profession scientifique","Non inscrit","NI"
"643157","Philippe","Naillet","Réunion","Réunion","1","Inspecteur assurance-vie","Non inscrit","NI"
"717379","Sylvain","Maillard","Ile-de-France","Paris","1","Industriel-Chef d'entreprise","Non inscrit","NI"
"719388","Annaïg","Le Meur","Bretagne","Finistère","1","Autre profession libérale","Non inscrit","NI"
"841539","Julien","Gokel","Hauts-de-France","Nord","13","(45) - Profession intermédiaire administrative de la fonction publique","Non inscrit","NI"
"722374","Cyrille","Isaac-Sibille","Auvergne-Rhône-Alpes","Rhône","12","Médecin","Non inscrit","NI"
"795010","Marie-Charlotte","Garin","Auvergne-Rhône-Alpes","Rhône","3","Collaboratrice politique en collectivité locale","Non inscrit","NI"
"841693","Jean","Laussucq","Ile-de-France","Paris","2","(33) - Cadre de la fonction publique","Non inscrit","NI"
"840889","Matthieu","Bloch","Bourgogne-Franche-Comté","Doubs","3","(37) - Cadre administratif et commercial d'entreprise","Non inscrit","NI"
"842311","Vincent","Caure","Français établis hors de France","Français établis hors de France","3","(33) - Cadre de la fonction publique","Non inscrit","NI"
"793572","Christophe","Plassard","Nouvelle-Aquitaine","Charente-Maritime","5","Profession libérale","Non inscrit","NI"
"795762","Elie","Califer","Guadeloupe","Guadeloupe","4","Ancien cadre","Non inscrit","NI"
"793322","Christelle","D'Intorni","Provence-Alpes-Côte d'Azur","Alpes-Maritimes","5","Avocate","Non inscrit","NI"
"793844","Pascale","Bordes","Occitanie","Gard","3","Profession libérale","Non inscrit","NI"
"720644","Jérôme","Nury","Normandie","Orne","3","Cadre de la fonction publique","Non inscrit","NI"
"793238","Christophe","Barthès","Occitanie","Aude","1","Agriculteur sur moyenne exploitation","Non inscrit","NI"
"267318","Jean-Carles","Grelier","Pays de la Loire","Sarthe","5","Avocat","Non inscrit","NI"
"720342","Nicole","Le Peih","Bretagne","Morbihan","3","Agricultrice","Non inscrit","NI"
"796034","Frank","Giletti","Provence-Alpes-Côte d'Azur","Var","6","Fonctionnaire","Non inscrit","NI"
"722190","Gabriel","Attal","Ile-de-France","Hauts-de-Seine","10","Consultant","Non inscrit","NI"
"841339","Jean-Michel","Brard","Pays de la Loire","Loire-Atlantique","9","(22) - Commerçant et assimilé","Non inscrit","NI"
"840955","Pierre","Pribetich","Bourgogne-Franche-Comté","Côte-d'Or","3","(34) - Professeur, profession scientifique","Non inscrit","NI"
"840119","Sandra","Delannoy","Hauts-de-France","Nord","3","(21) - Artisan","Non inscrit","NI"
"794762","Sandrine","Dogor-Such","Occitanie","Pyrénées-Orientales","3","Préparatrice en pharmacie","Non inscrit","NI"
"719118","François","Cormier-Bouligeon","Centre-Val de Loire","Cher","1","Juriste","Non inscrit","NI"
"793872","Nathalie","Oziol","Occitanie","Hérault","2","Professeur, profession scientifique","Non inscrit","NI"
"342240","Jean-Luc","Bourgeaux","Bretagne","Ille-et-Vilaine","7","Agriculteur","Non inscrit","NI"
"608416","Patrick","Hetzel","Grand Est","Bas-Rhin","7","Professeur des Universités","Non inscrit","NI"
"793362","José","Gonzalez","Provence-Alpes-Côte d'Azur","Bouches-du-Rhône","10","Ancien employé","Non inscrit","NI"
"842227","Joseph","Rivière","Réunion","Réunion","3","(45) - Profession intermédiaire administrative de la fonction publique","Non inscrit","NI"
"722102","Annie","Vidal","Normandie","Seine-Maritime","2","Retraitée de la fonction publique hospitalière","Non inscrit","NI"
"267763","Jean-Pierre","Bataille","Hauts-de-France","Nord","15","Pharmacien","Non inscrit","NI"
"721296","Guillaume","Gouffier Valente","Ile-de-France","Val-de-Marne","6","Manager public","Non inscrit","NI"
"841381","Sophie","Pantel","Occitanie","Lozère","1","(45) - Profession intermédiaire administrative de la fonction publique","Non inscrit","NI"
"841515","Aurélien","Le Coq","Hauts-de-France","Nord","1","(54) - Employé administratif d'entreprise","Non inscrit","NI"
"330240","Éric","Ciotti","Provence-Alpes-Côte d'Azur","Alpes-Maritimes","1","(33) - Cadre de la fonction publique","Non inscrit","NI"
"840171","Emmanuel","Grégoire","Ile-de-France","Paris","7","(37) - Cadre administratif et commercial d'entreprise","Non inscrit","NI"
"842105","Raphaël","Arnault","Provence-Alpes-Côte d'Azur","Vaucluse","1","(52) - Employé civil et agent de service de la fonction publique","Non inscrit","NI"
"795050","Astrid","Panosyan-Bouvet","Ile-de-France","Paris","4","Cadre administratif et commercial d'entreprise","Non inscrit","NI"
"605991","Annie","Genevard","Bourgogne-Franche-Comté","Doubs","5","Professeur du secondaire","Non inscrit","NI"
"841431","Nathalie","Colin-Oesterlé","Grand Est","Moselle","3","(31) - Profession libérale","Non inscrit","NI"
"841645","Théo","Bernhardt","Grand Est","Bas-Rhin","8","(84) - Elève, étudiant","Non inscrit","NI"
"332523","Marie-Christine","Dalloz","Bourgogne-Franche-Comté","Jura","2","(86) - Personne diverse sans activité professionnelle de 60 ans et plus","Non inscrit","NI"
"842263","Ayda","Hadizadeh","Ile-de-France","Val-d'Oise","2","(37) - Cadre administratif et commercial d'entreprise","Non inscrit","NI"
"793146","Nicolas","Dragon","Hauts-de-France","Aisne","1","Profession libérale","Non inscrit","NI"
"721584","Jean","Terlier","Occitanie","Tarn","3","Avocat","Non inscrit","NI"
"794658","Philippe","Fait","Hauts-de-France","Pas-de-Calais","4","Professeur des écoles, instituteur et assimilé","Non inscrit","NI"
"793254","Julien","Rancoule","Occitanie","Aude","3","Profession libérale","Non inscrit","NI"
"720908","Naïma","Moutchou","Ile-de-France","Val-d'Oise","4","Avocat","Non inscrit","NI"
"717161","Élisabeth","Borne","Normandie","Calvados","6","Ingénieur et cadre technique d'entreprise","Non inscrit","NI"
"795990","Maud","Bregeon","Ile-de-France","Hauts-de-Seine","13","Ingénieur et cadre technique d'entreprise","Non inscrit","NI"
"720066","Stéphanie","Rist","Centre-Val de Loire","Loiret","1","Médecin","Non inscrit","NI"
"642847","Thibault","Bazin","Grand Est","Meurthe-et-Moselle","4","Autre cadre (secteur privé)","Non inscrit","NI"
"794178","Jean-Pierre","Taite","Auvergne-Rhône-Alpes","Loire","6","Ancien artisan, commerçant, chef d'entreprise","Non inscrit","NI"
"794094","Mickaël","Bouloux","Bretagne","Ille-et-Vilaine","8","Ingénieur et cadre technique d'entreprise","Non inscrit","NI"
"795588","Farida","Amrani","Ile-de-France","Essonne","1","Cadre de la fonction publique","Non inscrit","NI"
"841243","Sébastien","Saint-Pasteur","Nouvelle-Aquitaine","Gironde","7","(33) - Cadre de la fonction publique","Non inscrit","NI"
"840801","Emmanuel","Fouquart","Provence-Alpes-Côte d'Azur","Bouches-du-Rhône","13","Retraité militaire","Non inscrit","NI"
"721062","Jean-Hugues","Ratenon","Réunion","Réunion","5","Employé (secteur privé)","Non inscrit","NI"
"227089","Valérie","Létard","Hauts-de-France","Nord","21","Cadre de la fonction publique territoriale","Non inscrit","NI"
"841191","Sandrine","Nosbé","Auvergne-Rhône-Alpes","Isère","9","(54) - Employé administratif d'entreprise","Non inscrit","NI"
"794270","Anna","Pic","Normandie","Manche","4","Professeur, profession scientifique","Non inscrit","NI"
"841893","Céline","Thiébault-Martinez","Ile-de-France","Seine-et-Marne","9","(37) - Cadre administratif et commercial d'entreprise","Non inscrit","NI"
"841107","Jacques","Oberti","Occitanie","Haute-Garonne","10","(38) - Ingénieur et cadre technique d'entreprise","Non inscrit","NI"
"720446","Brigitte","Liso","Hauts-de-France","Nord","4","Commerçant","Non inscrit","NI"
"840701","Bernard","Chaix","Provence-Alpes-Côte d'Azur","Alpes-Maritimes","3","(22) - Commerçant et assimilé","Non inscrit","NI"
"721932","Marie-France","Lorho","Provence-Alpes-Côte d'Azur","Vaucluse","4","Déléguée médicale","Non inscrit","NI"
"267285","Laurent","Wauquiez","Auvergne-Rhône-Alpes","Haute-Loire","1","(33) - Cadre de la fonction publique","Non inscrit","NI"
"841439","Pascal","Jenft","Grand Est","Moselle","5","(21) - Artisan","Non inscrit","NI"
"795864","Pierre","Cazeneuve","Ile-de-France","Hauts-de-Seine","7","Cadre de la fonction publique","Non inscrit","NI"
"722162","Nicolas","Turquois","Nouvelle-Aquitaine","Vienne","4","Agriculteur-propriétaire exploitant","Non inscrit","NI"
"719914","Geneviève","Darrieussecq","Nouvelle-Aquitaine","Landes","1","Médecin","Non inscrit","NI"
"605694","Olivier","Falorni","Nouvelle-Aquitaine","Charente-Maritime","1","Professeur du secondaire","Non inscrit","NI"
"795900","Marine","Hamelet","Occitanie","Tarn-et-Garonne","2","Profession intermédiaire administrative et commerciale des entreprises","Non inscrit","NI"
"841613","Marc","de Fleurian","Hauts-de-France","Pas-de-Calais","7","(33) - Cadre de la fonction publique","Non inscrit","NI"
"795722","Karl","Olive","Ile-de-France","Yvelines","12","Chef d'entreprise","Non inscrit","NI"
"793992","Henri","Alfandari","Centre-Val de Loire","Indre-et-Loire","3","Ancien artisan, commerçant, chef d'entreprise","Non inscrit","NI"
"720838","Soumya","Bourouaha","Ile-de-France","Seine-Saint-Denis","4","Professeure","Non inscrit","NI"
"721764","Olivia","Grégoire","Ile-de-France","Paris","12","Chef d'entreprise","Non inscrit","NI"
"841487","Anthony","Boulogne","Grand Est","Meurthe-et-Moselle","6","(37) - Cadre administratif et commercial d'entreprise","Non inscrit","NI"
"793102","Christian","Girard","Provence-Alpes-Côte d'Azur","Alpes-de-Haute-Provence","1","Ancien cadre","Non inscrit","NI"
"840235","Moerani","Frébault","Polynésie française","Polynésie Française","1","(33) - Cadre de la fonction publique","Non inscrit","NI"
"719404","Didier","Le Gac","Bretagne","Finistère","3","Profession rattachée à l'enseignement","Non inscrit","NI"
"842013","Steevy","Gustave","Ile-de-France","Essonne","3","(35) - Profession de l'information, des arts et des spectacles","Non inscrit","NI"
"719640","Sophie","Mette","Nouvelle-Aquitaine","Gironde","9","Sans profession déclarée","Non inscrit","NI"
"794938","Idir","Boumertit","Auvergne-Rhône-Alpes","Rhône","14","Employé administratif d'entreprise","Non inscrit","NI"
"793912","Sylvain","Carrière","Occitanie","Hérault","8","Employé de commerce","Non inscrit","NI"
"721170","Stéphane","Vojetta","Français établis hors de France","Français établis hors de France","5","Entrepreneur","Non inscrit","NI"
"795528","Charles","Rodwell","Ile-de-France","Yvelines","1","Cadre de la fonction publique","Non inscrit","NI"
"793796","David","Taupiac","Occitanie","Gers","2","Consultant aéronautique","Non inscrit","NI"
"841067","Alexandre","Allegret-Pilot","Occitanie","Gard","5","(33) - Cadre de la fonction publique","Non inscrit","NI"
"721202","Éric","Coquerel","Ile-de-France","Seine-Saint-Denis","1","Industriel-Chef d'entreprise","Non inscrit","NI"
"719930","Boris","Vallaud","Nouvelle-Aquitaine","Landes","3","Fonctionnaire de catégorie A","Non inscrit","NI"
"266808","Vincent","Rolland","Auvergne-Rhône-Alpes","Savoie","2","Collaborateur parlementaire","Non inscrit","NI"
"793948","Nicolas","Thierry","Nouvelle-Aquitaine","Gironde","2","Consultant en développement durable","Non inscrit","NI"
"795966","Stéphane","Rambaud","Provence-Alpes-Côte d'Azur","Var","3","Retraité de la police nationale","Non inscrit","NI"
"795786","Yaël","Ménaché","Hauts-de-France","Somme","5","Commerciale","Non inscrit","NI"
"840967","René","Lioret","Bourgogne-Franche-Comté","Côte-d'Or","5","(74) - Ancien cadre","Non inscrit","NI"
"794530","Matthieu","Marchio","Hauts-de-France","Nord","16","Cadre administratif et commercial d'entreprise","Non inscrit","NI"
"335999","Delphine","Batho","Nouvelle-Aquitaine","Deux-Sèvres","2","Cadre territorial","Non inscrit","NI"
"719822","Sabine","Thillaye","Centre-Val de Loire","Indre-et-Loire","5","Ancien Chef d'entreprise","Non inscrit","NI"
"794778","Sandra","Regol","Grand Est","Bas-Rhin","1","(85) - Personne diverse sans activité professionnelle de moins de 60 ans (sauf r","Non inscrit","NI"
"719052","Loïc","Kervran","Centre-Val de Loire","Cher","3","Autre cadre (secteur privé)","Non inscrit","NI"
"795958","Benjamin","Haddad","Ile-de-France","Paris","14","Professeur, profession scientifique","Non inscrit","NI"
"795200","Alma","Dufour","Normandie","Seine-Maritime","4","Responsable associative","Non inscrit","NI"
"719338","Graziella","Melchior","Bretagne","Finistère","5","Professeure agrégée","Non inscrit","NI"
"795912","Laure","Lavalette","Provence-Alpes-Côte d'Azur","Var","2","(85) - Personne diverse sans activité professionnelle de moins de 60 ans (sauf r","Non inscrit","NI"
"722382","Benjamin","Dirx","Bourgogne-Franche-Comté","Saône-et-Loire","1","Industriel-Chef d'entreprise","Non inscrit","NI"
"795076","Sandrine","Rousseau","Ile-de-France","Paris","9","Professeur, profession scientifique","Non inscrit","NI"
"841717","Sandrine","Runel","Auvergne-Rhône-Alpes","Rhône","4","(33) - Cadre de la fonction publique","Non inscrit","NI"
"793656","Lisette","Pollet","Auvergne-Rhône-Alpes","Drôme","2","Ouvrier qualifié de type industriel","Non inscrit","NI"
"721182","Frédéric","Petit","Français établis hors de France","Français établis hors de France","7","Ingénieur","Non inscrit","NI"
"721844","Béatrice","Piron","Ile-de-France","Yvelines","3","Chef d'entreprise","Non inscrit","NI"
"643184","Brigitte","Klinkert","Grand Est","Haut-Rhin","1","Ancien cadre","Non inscrit","NI"
"842279","Anchya","Bamana","Mayotte","Mayotte","2","(33) - Cadre de la fonction publique","Non inscrit","NI"
"793158","José","Beaurain","Hauts-de-France","Aisne","4","Artisan","Non inscrit","NI"
"793736","Hadrien","Clouet","Occitanie","Haute-Garonne","1","Sociologue","Non inscrit","NI"
"793262","Laurent","Alexandre","Occitanie","Aveyron","2","Ouvrier qualifié de type industriel","Non inscrit","NI"
"720846","Bastien","Lachaud","Ile-de-France","Seine-Saint-Denis","6","Professeur du secondaire et technique","Non inscrit","NI"
"842195","Romain","Eskenazi","Ile-de-France","Val-d'Oise","7","(33) - Cadre de la fonction publique","Non inscrit","NI"
"795136","Jean-François","Coulomme","Auvergne-Rhône-Alpes","Savoie","4","Ingénieur commercial","Non inscrit","NI"
"1008","Alain","David","Nouvelle-Aquitaine","Gironde","4","Ingénieur","Non inscrit","NI"
"841359","Constance","de Pélichy","Centre-Val de Loire","Loiret","3","(85) - Personne diverse sans activité professionnelle de moins de 60 ans (sauf r","Non inscrit","NI"
"719218","Hervé","Berville","Bretagne","Côtes-d'Armor","2","Economiste","Non inscrit","NI"
"720468","Sébastien","Chenu","Hauts-de-France","Nord","19","Conseiller en communication","Non inscrit","NI"
"841681","Thierry","Sother","Grand Est","Bas-Rhin","3","(33) - Cadre de la fonction publique","Non inscrit","NI"
"719272","Frédérique","Meunier","Nouvelle-Aquitaine","Corrèze","2","Avocate","Non inscrit","NI"
"794130","Andy","Kerbrat","Pays de la Loire","Loire-Atlantique","2","Chargé d'assistance automobile","Non inscrit","NI"
"793374","Romain","Baubry","Provence-Alpes-Côte d'Azur","Bouches-du-Rhône","15","Policier et militaire","Non inscrit","NI"
"796070","Perceval","Gaillard","Réunion","Réunion","7","Profession intermédiaire de la santé et du travail social","Non inscrit","NI"
"841825","Patrice","Martin","Normandie","Seine-Maritime","6","(11) - Agriculteur sur petite exploitation","Non inscrit","NI"
"719550","Liliana","Tanguy","Bretagne","Finistère","7","Cadre supérieur du secteur public","Non inscrit","NI"
"794570","Alexandre","Sabatou","Hauts-de-France","Oise","3","Chef de projets SI","Non inscrit","NI"
"718838","Fabrice","Brun","Auvergne-Rhône-Alpes","Ardèche","3","Industriel-Chef d'entreprise","Non inscrit","NI"
"841761","Aurélien","Dutremble","Bourgogne-Franche-Comté","Saône-et-Loire","3","(47) - Technicien hospitalier","Non inscrit","NI"
"817203","Laure","Miller","Grand Est","Marne","2","Avocate","Non inscrit","NI"
"793122","Romain","Daubié","Auvergne-Rhône-Alpes","Ain","2","Avocat","Non inscrit","NI"
"796090","Aymeric","Caron","Ile-de-France","Paris","18","Profession de l'information, des arts et des spectacles","Non inscrit","NI"
"1630","Michel","Herbillon","Ile-de-France","Val-de-Marne","8","Cadre supérieur","Non inscrit","NI"
"841315","Karim","Benbrahim","Pays de la Loire","Loire-Atlantique","1","(38) - Ingénieur et cadre technique d'entreprise","Non inscrit","NI"
"794906","Gabriel","Amard","Auvergne-Rhône-Alpes","Rhône","6","Cadre administratif et commercial d'entreprise","Non inscrit","NI"
"840915","Thibaut","Monnier","Auvergne-Rhône-Alpes","Drôme","4","(37) - Cadre administratif et commercial d'entreprise","Non inscrit","NI"
"720552","Isabelle","Rauch","Grand Est","Moselle","9","Consultante","Non inscrit","NI"
"795454","Karim","Ben Cheikh","Français établis hors de France","Français établis hors de France","9","Cadre de la fonction publique","Non inscrit","NI"
"794582","Kévin","Pfeffer","Grand Est","Moselle","6","Permanent politique","Non inscrit","NI"
"794838","Didier","Lemaire","Grand Est","Haut-Rhin","3","Employé civil et agent de service de la fonction publique","Non inscrit","NI"
"795240","Mereana","Reid Arbelot","Polynésie française","Polynésie Française","3","Ingénieur en chef du contrôle de la navigation aérienne","Non inscrit","NI"
"822617","Martine","Froger","Occitanie","Ariège","1","Chef d'entreprise","Non inscrit","NI"
"794670","Caroline","Parmentier","Hauts-de-France","Pas-de-Calais","9","Attachée de Presse","Non inscrit","NI"
"840757","Monique","Griseti","Provence-Alpes-Côte d'Azur","Bouches-du-Rhône","1","(22) - Commerçant et assimilé","Non inscrit","NI"
"795820","Marcellin","Nadeau","Martinique","Martinique","2","Cadre de la fonction publique","Non inscrit","NI"
"794470","Félicie","Gérard","Hauts-de-France","Nord","7","Contremaître, agent de maîtrise","Non inscrit","NI"
"721210","Alexis","Corbière","Ile-de-France","Seine-Saint-Denis","7","Professeur de lycée professionnel","Non inscrit","NI"
"794330","Anthony","Brosse","Centre-Val de Loire","Loiret","5","Profession intermédiaire de la santé et du travail social","Non inscrit","NI"
"793532","Murielle","Lepvraud","Bretagne","Côtes-d'Armor","4","Employé administratif d'entreprise","Non inscrit","NI"
"720162","Philippe","Bolo","Pays de la Loire","Maine-et-Loire","7","Ingénieur","Non inscrit","NI"
"840665","Marie-José","Allemand","Provence-Alpes-Côte d'Azur","Hautes-Alpes","1","(12) - Agriculteur sur moyenne exploitation","Non inscrit","NI"
"795482","Manon","Meunier","Nouvelle-Aquitaine","Haute-Vienne","3","Cadre de la fonction publique","Non inscrit","NI"
"267306","André","Chassaigne","Auvergne-Rhône-Alpes","Puy-de-Dôme","5","Retraité de l'éducation nationale","Non inscrit","NI"
"795664","Paul","Midy","Ile-de-France","Essonne","5","Chef d'entreprise de 10 salariés ou plus","Non inscrit","NI"
"841251","Mathilde","Feld","Nouvelle-Aquitaine","Gironde","12","(33) - Cadre de la fonction publique","Non inscrit","NI"
"840817","Joël","Bruneau","Normandie","Calvados","1","(31) - Profession libérale","Non inscrit","NI"
"795672","Arnaud","Le Gall","Ile-de-France","Val-d'Oise","9","Cadre de la fonction publique","Non inscrit","NI"
"841575","Frédéric-Pierre","Vos","Hauts-de-France","Oise","5","avocat","Non inscrit","NI"
"718850","Pierre","Cordier","Grand Est","Ardennes","2","Fonctionnaire de catégorie A","Non inscrit","NI"
"720230","Lise","Magnier","Grand Est","Marne","4","Cadre territorial","Non inscrit","NI"
"606545","Jean-Louis","Roumégas","Occitanie","Hérault","1","Enseignant 1er deg.- Professeur d'école","Non inscrit","NI"
"793134","Jérôme","Buisson","Auvergne-Rhône-Alpes","Ain","4","Professeur d'italien","Non inscrit","NI"
"795808","Sabrina","Sebaihi","Ile-de-France","Hauts-de-Seine","4","Profession libérale","Non inscrit","NI"
"794146","Julie","Laernoes","Pays de la Loire","Loire-Atlantique","4","Ancien cadre","Non inscrit","NI"
"841737","Jonathan","Gery","Auvergne-Rhône-Alpes","Rhône","8","(53) - Policier et militaire","Non inscrit","NI"
"841451","Julien","Guibert","Bourgogne-Franche-Comté","Nièvre","2","(46) - Profession intermédiaire administrative et commerciale des entreprises","Non inscrit","NI"
"794198","Roger","Chudeau","Centre-Val de Loire","Loir-et-Cher","2","Inspecteur général de l'éducation nationale honoraire","Non inscrit","NI"
"842299","Emmanuel","Tjibaou","Nouvelle-Calédonie","Nouvelle-Calédonie","2","(33) - Cadre de la fonction publique","Non inscrit","NI"
"793444","Manuel","Bompard","Provence-Alpes-Côte d'Azur","Bouches-du-Rhône","4","Ingénieur","Non inscrit","NI"
"721984","Philippe","Latombe","Pays de la Loire","Vendée","1","Cadre supérieur (secteur privé)","Non inscrit","NI"
"841223","Tristan","Lahais","Bretagne","Ille-et-Vilaine","2","(37) - Cadre administratif et commercial d'entreprise","Non inscrit","NI"
"841633","Peio","Dufau","Nouvelle-Aquitaine","Pyrénées-Atlantiques","6","(48) - Contremaître, agent de maîtrise","Non inscrit","NI"
"793290","Gisèle","Lelouis","Provence-Alpes-Côte d'Azur","Bouches-du-Rhône","3","Ancien employé","Non inscrit","NI"
"794486","Violette","Spillebout","Hauts-de-France","Nord","9","Cadre administratif et commercial d'entreprise","Non inscrit","NI"
"794008","Cyrielle","Chatelain","Auvergne-Rhône-Alpes","Isère","2","Collaboratrice de cabinet","Non inscrit","NI"
"795298","Jérôme","Legavre","Ile-de-France","Seine-Saint-Denis","12","Professeur de lettres","Non inscrit","NI"
"720100","Aurélien","Pradié","Occitanie","Lot","1","Cadre supérieur (secteur privé)","Non inscrit","NI"
"796042","Frédéric","Boccaletti","Provence-Alpes-Côte d'Azur","Var","7","(85) - Personne diverse sans activité professionnelle de moins de 60 ans","Non inscrit","NI"
"720190","Bertrand","Sorre","Normandie","Manche","2","Enseignant 1er degré-directeur d'école (en disponibilité)","Non inscrit","NI"
"718784","Éric","Pauget","Provence-Alpes-Côte d'Azur","Alpes-Maritimes","7","Autre cadre (secteur privé)","Non inscrit","NI"
"842073","Gaëtan","Dussausaye","Grand Est","Vosges","2","(55) - Employé de commerce","Non inscrit","NI"
"607619","Paul","Molac","Bretagne","Morbihan","4","Professeur du secondaire","Non inscrit","NI"
"795552","Julien","Odoul","Bourgogne-Franche-Comté","Yonne","3","Collaborateur parlementaire","Non inscrit","NI"
"842029","Claire","Lejeune","Ile-de-France","Essonne","7","34 - Professeur, profession scientifique","Non inscrit","NI"
"774954","Anne-Laure","Blin","Pays de la Loire","Maine-et-Loire","3","Juriste","Non inscrit","NI"
"841947","Zahia","Hamdane","Hauts-de-France","Somme","2","(43) - Profession intermédiaire de la santé et du travail social","Non inscrit","NI"
"794434","Christophe","Bentz","Grand Est","Haute-Marne","1","Professeur, profession scientifique","Non inscrit","NI"
"721908","Yaël","Braun-Pivet","Ile-de-France","Yvelines","5","Avocate","Non inscrit","NI"
"841131","Manon","Bouquin","Occitanie","Hérault","4","(33) - Cadre de la fonction publique","Non inscrit","NI"
"712015","Julien","Dive","Hauts-de-France","Aisne","2","Chef de projet dans l'industrie","Non inscrit","NI"
"345722","Constance","Le Grip","Ile-de-France","Hauts-de-Seine","6","Conseillère parlementaire","Non inscrit","NI"
"720256","Géraldine","Bannier","Pays de la Loire","Mayenne","2","Professeur du secondaire et technique","Non inscrit","NI"
"719512","Corinne","Vignon","Occitanie","Haute-Garonne","3","Cadre supérieur (secteur privé)","Non inscrit","NI"
"795228","Nadège","Abomangoli","Ile-de-France","Seine-Saint-Denis","10","Contrôleure interne et risk manager","Non inscrit","NI"
"841295","Pierrick","Courbon","Auvergne-Rhône-Alpes","Loire","1","(37) - Cadre administratif et commercial d'entreprise","Non inscrit","NI"
"795144","Antoine","Armand","Auvergne-Rhône-Alpes","Haute-Savoie","2","Cadre de la fonction publique","Non inscrit","NI"
"793632","Timothée","Houssin","Normandie","Eure","5","Cadre","Non inscrit","NI"
"722000","Stéphane","Buchou","Pays de la Loire","Vendée","3","Cadre supérieur (secteur privé)","Non inscrit","NI"
"794082","Mathilde","Hignet","Bretagne","Ille-et-Vilaine","4","Ouvrière agricole","Non inscrit","NI"
"794562","Philippe","Ballard","Hauts-de-France","Oise","2","Ancien journaliste","Non inscrit","NI"
"342415","Marie-Noëlle","Battistel","Auvergne-Rhône-Alpes","Isère","4","Autre cadre (secteur privé)","Non inscrit","NI"
"793696","Serge","Muller","Nouvelle-Aquitaine","Dordogne","2","Profession intermédiaire de la santé et du travail social","Non inscrit","NI"
"841873","Julien","Limongi","Ile-de-France","Seine-et-Marne","4","(74) - Ancien cadre","Non inscrit","NI"
"719528","Jean-François","Portarrieu","Occitanie","Haute-Garonne","5","Journaliste","Non inscrit","NI"
"794686","Marianne","Maximi","Auvergne-Rhône-Alpes","Puy-de-Dôme","1","Profession intermédiaire de la santé et du travail social","Non inscrit","NI"
"335612","Jean-Paul","Lecoq","Normandie","Seine-Maritime","8","Électricien","Non inscrit","NI"
"605782","Laurent","Marcangeli","Corse","Corse-du-Sud","1","Avocat","Non inscrit","NI"
"642988","Hervé","de Lépinau","Provence-Alpes-Côte d'Azur","Vaucluse","3","Avocat","Non inscrit","NI"
"842045","Julie","Ozenne","Ile-de-France","Essonne","9","(38) - Ingénieur et cadre technique d'entreprise","Non inscrit","NI"
"841777","Arnaud","Sanvert","Bourgogne-Franche-Comté","Saône-et-Loire","5","(56) - Personnel des services directs aux particuliers","Non inscrit","NI"
"721960","Danièle","Obono","Ile-de-France","Paris","17","Bibliothécaire","Non inscrit","NI"
"793608","Katiana","Levavasseur","Normandie","Eure","2","Ouvrier de type industriel","Non inscrit","NI"
"721024","Anne","Genetet","Français établis hors de France","Français établis hors de France","11","Médecin","Non inscrit","NI"
"794442","Laurence","Robert-Dehault","Grand Est","Haute-Marne","2","Profession libérale","Non inscrit","NI"
"826635","Aurélien","Rousseau","Ile-de-France","Yvelines","7","Maître des requêtes au Conseil d'État","Non inscrit","NI"
"841139","Julien","Gabarron","Occitanie","Hérault","6","Cadre Commercial","Non inscrit","NI"
"642935","Olivier","Becht","Grand Est","Haut-Rhin","5","Magistrat","Non inscrit","NI"
"795270","Marie-Agnès","Poussier-Winsback","Normandie","Seine-Maritime","9","Enseignante","Non inscrit","NI"
"795310","Clémence","Guetté","Ile-de-France","Val-de-Marne","2","Responsable du programme LFI","Non inscrit","NI"
"610654","Jean-Philippe","Nilor","Martinique","Martinique","4","Collaborateur parlementaire","Non inscrit","NI"
"608826","Virginie","Duby-Muller","Auvergne-Rhône-Alpes","Haute-Savoie","4","Cadre du secteur privé","Non inscrit","NI"
"606098","Olivier","Marleix","Centre-Val de Loire","Eure-et-Loir","2","Fonctionnaire de catégorie A","Non inscrit","NI"
"840983","Bartolomé","Lenoir","Nouvelle-Aquitaine","Creuse","1","(37) - Cadre administratif et commercial d'entreprise","Non inscrit","NI"
"840159","Bruno","Clavet","Hauts-de-France","Pas-de-Calais","3","(45) - Profession intermédiaire administrative de la fonction publique","Non inscrit","NI"
"794030","Alexis","Jolly","Auvergne-Rhône-Alpes","Isère","6","Commerçant et assimilé","Non inscrit","NI"
"720728","Jean-Paul","Mattei","Nouvelle-Aquitaine","Pyrénées-Atlantiques","2","Notaire","Non inscrit","NI"
"793708","Sébastien","Peytavie","Nouvelle-Aquitaine","Dordogne","4","Profession intermédiaire de la santé et du travail social","Non inscrit","NI"
"795410","Béatrice","Roullaud","Ile-de-France","Seine-et-Marne","6","Profession libérale","Non inscrit","NI"
"793398","Jérémie","Patrier-Leitus","Normandie","Calvados","3","Cadre de la fonction publique","Non inscrit","NI"
"720960","Olivier","Serva","Guadeloupe","Guadeloupe","1","Expert comptable","Non inscrit","NI"
"719138","Michel","Castellani","Corse","Haute-Corse","1","Professeur des Universités","Non inscrit","NI"
"841587","David","Magnier","Hauts-de-France","Oise","7","(48) - Contremaître, agent de maîtrise","Non inscrit","NI"
"793210","Laurent","Panifous","Occitanie","Ariège","2","Directeur d'établissements sanitaires et sociaux","Non inscrit","NI"
"720892","Mathilde","Panot","Ile-de-France","Val-de-Marne","10","Coordinatrice de projets associatifs","Non inscrit","NI"
"335054","Marietta","Karamanli","Pays de la Loire","Sarthe","2","Professeur dans l'enseignement supérieur","Non inscrit","NI"
"817211","René","Pilato","Nouvelle-Aquitaine","Charente","1","Enseignant","Non inscrit","NI"
"791812","Sophia","Chikirou","Ile-de-France","Paris","6","Chef d'entreprise de 10 salariés ou plus","Non inscrit","NI"
"794154","Jean-Claude","Raux","Pays de la Loire","Loire-Atlantique","6","Professeur, profession scientifique","Non inscrit","NI"
"722358","Thomas","Gassilloud","Auvergne-Rhône-Alpes","Rhône","10","Industriel-Chef d'entreprise","Non inscrit","NI"
"793624","Philippe","Brun","Normandie","Eure","4","Magistrat administratif","Non inscrit","NI"
"794678","Thierry","Frappé","Hauts-de-France","Pas-de-Calais","10","Profession libérale","Non inscrit","NI"
"841657","Anaïs","Belouassa-Cherifi","Auvergne-Rhône-Alpes","Rhône","1","(37) - Cadre administratif et commercial d'entreprise","Non inscrit","NI"
"721134","Roland","Lescure","Français établis hors de France","Français établis hors de France","1","Ministre","Non inscrit","NI"
"793432","Franck","Allisio","Provence-Alpes-Côte d'Azur","Bouches-du-Rhône","12","Profession libérale","Non inscrit","NI"
"794798","Françoise","Buffet","Grand Est","Bas-Rhin","4","Ancien artisan, commerçant, chef d'entreprise","Non inscrit","NI"
"840773","Olivier","Fayssat","Provence-Alpes-Côte d'Azur","Bouches-du-Rhône","6","Dirigeant d'entreprise","Non inscrit","NI"
"795876","Davy","Rimane","Guyane","Guyane","2","Technicien","Non inscrit","NI"
"721458","Xavier","Roseren","Auvergne-Rhône-Alpes","Haute-Savoie","6","Commerçant","Non inscrit","NI"
"794494","Roger","Vicot","Hauts-de-France","Nord","11","sans profession","Non inscrit","NI"
"795318","Louis","Boyard","Ile-de-France","Val-de-Marne","3","Elève, étudiant","Non inscrit","NI"
"720022","Michel","Lauzzana","Nouvelle-Aquitaine","Lot-et-Garonne","1","Médecin","Non inscrit","NI"
"267794","Michèle","Tabarot","Provence-Alpes-Côte d'Azur","Alpes-Maritimes","9","Chef d'entreprise","Non inscrit","NI"
"794894","Anaïs","Sabatini","Occitanie","Pyrénées-Orientales","2","Avocate","Non inscrit","NI"
"842085","Sébastien","Humbert","Grand Est","Vosges","4","(33) - Cadre de la fonction publique","Non inscrit","NI"
"794854","Inaki","Echaniz","Nouvelle-Aquitaine","Pyrénées-Atlantiques","4","Cadre de la fonction publique","Non inscrit","NI"
"2940","Dominique","Voynet","Bourgogne-Franche-Comté","Doubs","2","Médecin","Non inscrit","NI"
"720354","Jean-Michel","Jacques","Bretagne","Morbihan","6","Infirmier des forces spéciales","Non inscrit","NI"
"795330","Eléonore","Caroit","Français établis hors de France","Français établis hors de France","2","Avocate","Non inscrit","NI"
"720146","Denis","Masséglia","Pays de la Loire","Maine-et-Loire","5","Ingénieur Arts et métiers","Non inscrit","NI"
"840837","Pascal","Markowsky","Nouvelle-Aquitaine","Charente-Maritime","4","(72) - Ancien artisan, commerçant, chef d'entreprise","Non inscrit","NI"
"720976","Max","Mathiasin","Guadeloupe","Guadeloupe","3","Fonction publique territoriale","Non inscrit","NI"
"793314","Alexandra","Masson","Provence-Alpes-Côte d'Azur","Alpes-Maritimes","4","Profession libérale","Non inscrit","NI"
"795778","Jean-Philippe","Tanguy","Hauts-de-France","Somme","4","Cadre administratif et commercial d'entreprise","Non inscrit","NI"
"608016","Véronique","Louwagie","Normandie","Orne","2","Expert-comptable","Non inscrit","NI"
"793230","Angélique","Ranc","Grand Est","Aube","3","Sans activité professionnelle","Non inscrit","NI"
"720334","Jimmy","Pahun","Bretagne","Morbihan","2","Navigateur","Non inscrit","NI"
"793182","Jorys","Bovet","Auvergne-Rhône-Alpes","Allier","2","Chauffeur-livreur","Non inscrit","NI"
"796026","Julie","Lechanteux","Provence-Alpes-Côte d'Azur","Var","5","(85) - Personne diverse sans activité professionnelle de moins de 60 ans (sauf r","Non inscrit","NI"
"842137","Stéphane","Séjourné","Ile-de-France","Hauts-de-Seine","9","(33) - Cadre de la fonction publique","Non inscrit","NI"
"794166","Matthias","Tavel","Pays de la Loire","Loire-Atlantique","8","Cadre de la fonction publique","Non inscrit","NI"
"840947","Catherine","Hervieu","Bourgogne-Franche-Comté","Côte-d'Or","2","Psychologue scolaire","Non inscrit","NI"
"841463","Estelle","Mercier","Grand Est","Meurthe-et-Moselle","1","(34) - Professeur, profession scientifique","Non inscrit","NI"
"794886","Sophie","Blanc","Occitanie","Pyrénées-Orientales","1","Profession libérale","Non inscrit","NI"
"794114","Emmanuel","Mandon","Auvergne-Rhône-Alpes","Loire","3","Conseiller d'insertion professionnelle","Non inscrit","NI"
"793756","François","Piquemal","Occitanie","Haute-Garonne","4","Enseignant","Non inscrit","NI"
"722070","Pierre","Henriet","Pays de la Loire","Vendée","5","Professeur du secondaire et technique","Non inscrit","NI"
"332228","Thierry","Benoit","Bretagne","Ille-et-Vilaine","6","Représentant de commerce","Non inscrit","NI"
"794810","Louise","Morel","Grand Est","Bas-Rhin","6","Cadre administratif et commercial d'entreprise","Non inscrit","NI"
"793354","Joëlle","Mélin","Provence-Alpes-Côte d'Azur","Bouches-du-Rhône","9","Médecin expert judiciaire","Non inscrit","NI"
"774962","Karine","Lebon","Réunion","Réunion","2","Professeure des écoles","Non inscrit","NI"
"642868","Paul","Christophe","Hauts-de-France","Nord","14","Fonctionnaire de catégorie A","Non inscrit","NI"
"795386","Mathieu","Lefèvre","Ile-de-France","Val-de-Marne","5","Cadre de la fonction publique","Non inscrit","NI"
"695512","Guillaume","Lepers","Nouvelle-Aquitaine","Lot-et-Garonne","3","(37) - Cadre administratif et commercial d'entreprise","Non inscrit","NI"
"793772","Christophe","Bex","Occitanie","Haute-Garonne","7","Retraité","Non inscrit","NI"
"841507","Nicolas","Bonnet","Auvergne-Rhône-Alpes","Puy-de-Dôme","3","(38) - Ingénieur et cadre technique d'entreprise","Non inscrit","NI"
"840685","Vincent","Trébuchet","Auvergne-Rhône-Alpes","Ardèche","2","(37) - Cadre administratif et commercial d'entreprise","Non inscrit","NI"
"842097","Sophie-Laurence","Roy","Bourgogne-Franche-Comté","Yonne","2","(31) - Profession libérale","Non inscrit","NI"
"720370","Ludovic","Mendes","Grand Est","Moselle","2","Cadre supérieur (secteur privé)","Non inscrit","NI"
"795362","Lisa","Belluco","Nouvelle-Aquitaine","Vienne","1","Cadre de la fonction publique","Non inscrit","NI"
"719890","Danielle","Brulebois","Bourgogne-Franche-Comté","Jura","1","Retraitée de l'enseignement","Non inscrit","NI"
"842255","Anne","Sicard","Ile-de-France","Val-d'Oise","1","(37) - Cadre administratif et commercial d'entreprise","Non inscrit","NI"
"795844","Karen","Erodi","Occitanie","Tarn","2","Profession libérale","Non inscrit","NI"
"759832","Agnès","Pannier-Runacher","Hauts-de-France","Pas-de-Calais","2","(33) - Cadre de la fonction publique","Non inscrit","NI"
"841919","Dieynaba","Diop","Ile-de-France","Yvelines","9","(34) - Professeur, profession scientifique","Non inscrit","NI"
"1327","Nicolas","Forissier","Centre-Val de Loire","Indre","2","Chef d'entreprise","Non inscrit","NI"
"719032","Bertrand","Bouyx","Normandie","Calvados","5","Pharmacien","Non inscrit","NI"
"408578","Jean-Didier","Berger","Ile-de-France","Hauts-de-Seine","12","(37) - Cadre administratif et commercial d'entreprise","Non inscrit","NI"
"607193","Sophie","Errante","Pays de la Loire","Loire-Atlantique","10","Industriel-Chef d'entreprise","Non inscrit","NI"
"841845","Arnaud","Saint-Martin","Ile-de-France","Seine-et-Marne","1","(34) - Professeur, profession scientifique","Non inscrit","NI"
"841479","Frédéric","Weber","Grand Est","Meurthe-et-Moselle","3","(43) - Profession intermédiaire de la santé et du travail social","Non inscrit","NI"
"796078","Estelle","Youssouffa","Mayotte","Mayotte","1","Consultante","Non inscrit","NI"
"794118","Antoine","Vermorel-Marques","Auvergne-Rhône-Alpes","Loire","5","Conseiller parlementaire","Non inscrit","NI"
"331582","Philippe","Vigier","Centre-Val de Loire","Eure-et-Loir","4","Biologiste A.I.H.P.","Non inscrit","NI"
"842001","Guillaume","Bigot","Bourgogne-Franche-Comté","Territoire de Belfort","2","(35) - Profession de l'information, des arts et des spectacles","Non inscrit","NI"
"341981","Marie","Récalde","Nouvelle-Aquitaine","Gironde","6","Avocate","Non inscrit","NI"
"841183","Hanane","Mansouri","Auvergne-Rhône-Alpes","Isère","8","(84) - Elève, étudiant","Non inscrit","NI"
"841885","Arnaud","Bonnet","Ile-de-France","Seine-et-Marne","8","(34) - Professeur, profession scientifique","Non inscrit","NI"
"793780","Christine","Arrighi","Occitanie","Haute-Garonne","9","Ancien cadre","Non inscrit","NI"
"720430","Ugo","Bernalicis","Hauts-de-France","Nord","2","Fonctionnaire de catégorie A","Non inscrit","NI"
"793298","Lionel","Tivoli","Provence-Alpes-Côte d'Azur","Alpes-Maritimes","2","Chef d'entreprise de 10 salariés ou plus","Non inscrit","NI"
"720386","Fabien","Di Filippo","Grand Est","Moselle","4","Ancien cadre du secteur privé","Non inscrit","NI"
"793832","Yoann","Gillet","Occitanie","Gard","1","Cadre de la fonction publique","Non inscrit","NI"
"346782","Philippe","Juvin","Ile-de-France","Hauts-de-Seine","3","Professeur de médecine","Non inscrit","NI"
"795374","Pascal","Lecamp","Nouvelle-Aquitaine","Vienne","3","Cadre administratif et commercial d'entreprise","Non inscrit","NI"
"794058","Justine","Gruet","Bourgogne-Franche-Comté","Jura","3","Masseur Kinésithérapeute","Non inscrit","NI"
"795108","Élise","Leboucher","Pays de la Loire","Sarthe","4","Educatrice spécialisée","Non inscrit","NI"
"793548","Caroline","Colombier","Nouvelle-Aquitaine","Charente","3","Avocate / Ancien cadre","Non inscrit","NI"
"267561","Brigitte","Barèges","Occitanie","Tarn-et-Garonne","1","Avocat","Non inscrit","NI"
"720822","Bruno","Bilde","Hauts-de-France","Pas-de-Calais","12","Juriste","Non inscrit","NI"
"841931","Laurent","Mazaury","Ile-de-France","Yvelines","11","(37) - Cadre administratif et commercial d'entreprise","Non inscrit","NI"
"719798","Daniel","Labaronne","Centre-Val de Loire","Indre-et-Loire","2","Retraité de l'enseignement supérieur","Non inscrit","NI"
"841853","Céline","Hervieu","Ile-de-France","Paris","11","(31) - Profession libérale","Non inscrit","NI"
"757225","Mikaele","Seo","Wallis-et-Futuna","Wallis-et-Futuna","1","Profession intermédiaire administrative de la fonction publique","Non inscrit","NI"
"841813","Florence","Herouin-Léautey","Normandie","Seine-Maritime","1","(33) - Cadre de la fonction publique","Non inscrit","NI"
"841023","Pierre-Yves","Cadalen","Bretagne","Finistère","2","(34) - Professeur, profession scientifique","Non inscrit","NI"
"795644","Nathalie","Da Conceicao Carvalho","Ile-de-France","Essonne","2","Profession libérale","Non inscrit","NI"
"841749","Tiffany","Joncour","Auvergne-Rhône-Alpes","Rhône","13","(37) - Cadre administratif et commercial d'entreprise","Non inscrit","NI"
"794954","Emeric","Salmon","Bourgogne-Franche-Comté","Haute-Saône","2","Cadre administratif et commercial d'entreprise","Non inscrit","NI"
"841199","Thierry","Perez","Auvergne-Rhône-Alpes","Isère","10","(33) - Cadre de la fonction publique","Non inscrit","NI"
"841701","Léa","Balage El Mariky","Ile-de-France","Paris","3","(37) - Cadre administratif et commercial d'entreprise","Non inscrit","NI"
"793592","Géraldine","Grangier","Bourgogne-Franche-Comté","Doubs","4","Profession intermédiaire administrative de la fonction publique","Non inscrit","NI"
"721158","Pieyre-Alexandre","Anglade","Français établis hors de France","Français établis hors de France","4","Agent contractuel au Parlement européen","Non inscrit","NI"
"795516","Maxime","Laisney","Ile-de-France","Seine-et-Marne","10","Professeur des écoles, instituteur et assimilé","Non inscrit","NI"
"719472","Jean-René","Cazeneuve","Occitanie","Gers","1","Ingénieur","Non inscrit","NI"
"793330","Bryan","Masson","Provence-Alpes-Côte d'Azur","Alpes-Maritimes","6","Profession intermédiaire administrative de la fonction publique","Non inscrit","NI"
"793852","Pierre","Meurin","Occitanie","Gard","4","Cadre administratif et commercial d'entreprise","Non inscrit","NI"
"793246","Frédéric","Falcon","Occitanie","Aude","2","Commerçant et assimilé","Non inscrit","NI"
"795982","Aurélien","Saintoul","Ile-de-France","Hauts-de-Seine","11","Cadre de la fonction publique","Non inscrit","NI"
"795120","Marina","Ferrari","Auvergne-Rhône-Alpes","Savoie","1","Cadre administratif et commercial d'entreprise","Non inscrit","NI"
"840997","Benoît","Biteau","Nouvelle-Aquitaine","Charente-Maritime","2","(12) - Agriculteur sur moyenne exploitation","Non inscrit","NI"
"609332","Olivier","Faure","Ile-de-France","Seine-et-Marne","11","Cadre supérieur (secteur privé)","Non inscrit","NI"
"793508","Hubert","Brigand","Bourgogne-Franche-Comté","Côte-d'Or","4","Ancienne profession intermédiaire","Non inscrit","NI"
"794502","Michaël","Taverne","Hauts-de-France","Nord","12","Policier et militaire","Non inscrit","NI"
"795730","Bastien","Marchive","Nouvelle-Aquitaine","Deux-Sèvres","1","Juriste","Non inscrit","NI"
"794770","Michèle","Martinez","Occitanie","Pyrénées-Orientales","4","Clerc d'huissier","Non inscrit","NI"
"605745","Nicolas","Sansu","Centre-Val de Loire","Cher","2","Permanent politique","Non inscrit","NI"
"793904","Aurélien","Lopez-Liguori","Occitanie","Hérault","7","Attaché parlementaire","Non inscrit","NI"
"840793","Marc","Pena","Provence-Alpes-Côte d'Azur","Bouches-du-Rhône","11","(34) - Professeur, profession scientifique","Non inscrit","NI"
